{
  "project_info": {
    "project_number": "967896140784",
    "firebase_url": "https://fcmsingle-1be99.firebaseio.com",
    "project_id": "fcmsingle-1be99",
    "storage_bucket": "fcmsingle-1be99.appspot.com"
  },
  "client": [
    {
      "client_info": {
        "mobilesdk_app_id": "1:967896140784:android:e5cd1f6fc5166bf9872b35",
        "android_client_info": {
          "package_name": "com.android.smartwebview"
        }
      },
      "oauth_client": [
        {
          "client_id": "967896140784-ddbvhih0ehhj2ufisemtid9nrjhg1rku.apps.googleusercontent.com",
          "client_type": 3
        }
      ],
      "api_key": [
        {
          "current_key": "AIzaSyA4HraA0OJkJLYIaevxImPPyP5NdAlsroI"
        }
      ],
      "services": {
        "appinvite_service": {
          "other_platform_oauth_client": [
            {
              "client_id": "967896140784-ddbvhih0ehhj2ufisemtid9nrjhg1rku.apps.googleusercontent.com",
              "client_type": 3
            }
          ]
        }
      }
    },
    {
      "client_info": {
        "mobilesdk_app_id": "1:967896140784:android:bbc89d295a7591de872b35",
        "android_client_info": {
          "package_name": "com.web.mp4moviez"
        }
      },
      "oauth_client": [
        {
          "client_id": "967896140784-ddbvhih0ehhj2ufisemtid9nrjhg1rku.apps.googleusercontent.com",
          "client_type": 3
        }
      ],
      "api_key": [
        {
          "current_key": "AIzaSyA4HraA0OJkJLYIaevxImPPyP5NdAlsroI"
        }
      ],
      "services": {
        "appinvite_service": {
          "other_platform_oauth_client": [
            {
              "client_id": "967896140784-ddbvhih0ehhj2ufisemtid9nrjhg1rku.apps.googleusercontent.com",
              "client_type": 3
            }
          ]
        }
      }
    }
  ],
  "configuration_version": "1"
}